source,target,population,weight
AF,fa,17000000,0.50000
AF,ps,15000000,0.43000
AF,haz,2100000,0.05900
AF,uz_Arab,1600000,0.04700
AF,tk,590000,0.01700
AF,prd,420000,0.01200
AF,bal,230000,0.00670
AF,bgn,220000,0.00630
AF,ug,3000,0.00009
AF,kk_Arab,2000,0.00006
AX,sv,26000,0.99000
AL,sq,3100000,1.00000
AL,el,58000,0.01900
AL,mk,14000,0.00470
DZ,arq,35000000,0.83000
DZ,ar,31000000,0.74000
DZ,fr,8300000,0.20000
DZ,kab,3200000,0.07800
DZ,en,2900000,0.07000
AS,sm,50000,0.99000
AS,en,49000,0.97000
AD,ca,44000,0.51000
AD,es,37000,0.43000
AD,fr,5700,0.06700
AO,pt,20000000,0.67000
AO,umb,8800000,0.29000
AO,kmb,7600000,0.25000
AO,ln,200000,0.00670
AI,en,17000,0.95000
AQ,und,300,1.00000
AG,en,82000,0.86000
AG,pt,1600,0.01700
AR,es,45000000,1.00000
AR,en,3100000,0.07000
AR,cy,29000,0.00065
AR,gn,21000,0.00047
AM,hy,3000000,0.98000
AM,ku,100000,0.03300
AW,nl,110000,0.97000
AW,pap,71000,0.61000
AW,en,3000,0.02600
AC,en,930,0.99000
AU,en,23000000,0.96000
AU,zh_Hant,490000,0.02100
AU,it,450000,0.01900
AU,wbp,2600,0.00011
AT,de,8500000,0.97000
AT,bar,8400000,0.95000
AT,en,6400000,0.73000
AT,fr,970000,0.11000
AT,it,790000,0.09000
AT,hr,110000,0.01200
AT,sl,33000,0.00370
AT,hu,24000,0.00270
AZ,az,8900000,0.89000
AZ,az_Cyrl,990000,0.09900
AZ,tly,980000,0.09800
AZ,ku,24000,0.00240
AZ,ttt,22000,0.00220
AZ,tkr,16000,0.00160
BS,en,330000,1.00000
BH,ar,1300000,0.87000
BH,ml,48000,0.03300
BD,bn,160000000,0.98000
BD,en,29000000,0.18000
BD,rkt,10000000,0.06500
BD,syl,8000000,0.05000
BD,ccp,350000,0.00220
BD,my,330000,0.00210
BD,grt,120000,0.00073
BD,mro,29000,0.00018
BD,mni,18000,0.00011
BB,en,290000,1.00000
BY,be,9500000,1.00000
BY,ru,1100000,0.12000
BE,en,6800000,0.59000
BE,nl,6400000,0.55000
BE,fr,4400000,0.38000
BE,de,2500000,0.22000
BE,vls,1200000,0.10000
BE,wa,670000,0.05800
BZ,en,390000,1.00000
BZ,es,110000,0.28000
BJ,fr,4000000,0.35000
BJ,fon,2800000,0.25000
BJ,yo,760000,0.06700
BM,en,65000,0.92000
BT,dz,360000,0.47000
BT,ne,130000,0.17000
BT,tsj,110000,0.15000
BT,en,84000,0.11000
BT,lep,30000,0.03900
BO,es,6900000,0.61000
BO,qu,3600000,0.32000
BO,ay,2300000,0.20000
BO,gn,51000,0.00450
BO,aro,110,0.00001
BA,bs,3800000,0.99000
BA,bs_Cyrl,3800000,0.99000
BA,en,1700000,0.45000
BA,hr,460000,0.12000
BA,sr,380000,0.10000
BA,sr_Latn,380000,0.10000
BW,en,1800000,0.81000
BW,tn,1400000,0.62000
BW,af,6100,0.00270
BV,und,1,1.00000
BR,pt,190000000,0.91000
BR,en,17000000,0.08000
BR,de,1800000,0.00840
BR,it,580000,0.00280
BR,ja,440000,0.00210
BR,es,77000,0.00037
BR,ko,44000,0.00021
BR,kgp,21000,0.00010
BR,gub,18000,0.00008
BR,yrl,11000,0.00005
BR,xav,10000,0.00005
VG,en,35000,0.98000
BN,ms,420000,0.93000
BN,zh_Hant,50000,0.11000
BN,ms_Arab,23000,0.05000
BN,en,8100,0.01800
BG,bg,7100000,1.00000
BG,en,1800000,0.25000
BG,ru,1600000,0.23000
BG,tr,780000,0.11000
BG,de,560000,0.08000
BF,mos,7900000,0.40000
BF,dyu,6300000,0.32000
BF,fr,4300000,0.22000
BI,rn,7500000,0.63000
BI,fr,7000000,0.59000
BI,sw,6400,0.00054
BI,en,6300,0.00053
KH,km,15000000,0.89000
KH,cja,260000,0.01600
KH,kdt,18000,0.00110
CM,fr,17000000,0.68000
CM,en,9700000,0.38000
CM,bum,1200000,0.04600
CM,ff,920000,0.03600
CM,ewo,790000,0.03100
CM,ybb,410000,0.01600
CM,bbj,360000,0.01400
CM,nnh,360000,0.01400
CM,bkm,330000,0.01300
CM,bas,310000,0.01200
CM,bax,310000,0.01200
CM,byv,280000,0.01100
CM,mua,260000,0.01000
CM,maf,190000,0.00740
CM,bfd,150000,0.00570
CM,bss,140000,0.00540
CM,kkj,140000,0.00540
CM,dua,120000,0.00480
CM,mgo,120000,0.00470
CM,ar,100000,0.00390
CM,jgo,87000,0.00340
CM,ksf,82000,0.00320
CM,agq,36000,0.00140
CM,ha_Arab,36000,0.00140
CM,nmg,9000,0.00035
CM,yav,2300,0.00009
CA,en,31000000,0.86000
CA,fr,7900000,0.22000
CA,it,720000,0.02000
CA,de,680000,0.01900
CA,pdt,86000,0.00240
CA,cr,39000,0.00110
CA,crk,39000,0.00110
CA,yi,16000,0.00045
CA,iu,15000,0.00042
CA,iu_Latn,15000,0.00042
CA,moe,12000,0.00033
CA,crj,7200,0.00020
CA,atj,5700,0.00016
CA,crl,5400,0.00015
CA,csw,5000,0.00014
CA,crm,4700,0.00013
CA,ikt,3900,0.00011
CA,moh,3500,0.00010
CA,dgr,2700,0.00007
CA,den,2300,0.00006
CA,scs,1300,0.00004
CA,nsk,1200,0.00003
CA,chp,750,0.00002
CA,gwi,570,0.00002
IC,es,2100000,0.98000
CV,kea,520000,0.91000
CV,pt,430000,0.76000
BQ,pap,16000,0.81000
BQ,nl,1600,0.08000
KY,en,58000,0.98000
CF,fr,2800000,0.49000
CF,sg,2800000,0.49000
CF,ln,14000,0.00240
EA,es,150000,0.98000
TD,fr,4100000,0.26000
TD,ar,2700000,0.17000
CL,es,18000000,0.98000
CL,en,1700000,0.09500
CL,arn,270000,0.01500
CN,zh,1200000000,0.90000
CN,wuu,83000000,0.06000
CN,yue_Hans,72000000,0.05200
CN,hsn,40000000,0.02900
CN,hak,32000000,0.02300
CN,nan,26000000,0.01900
CN,gan,24000000,0.01700
CN,ii,8300000,0.00600
CN,ug,7600000,0.00550
CN,za,4300000,0.00310
CN,mn_Mong,3600000,0.00260
CN,bo,2800000,0.00200
CN,ko,2100000,0.00150
CN,kk_Arab,1200000,0.00086
CN,lis,620000,0.00045
CN,ky_Arab,470000,0.00034
CN,nxq,330000,0.00024
CN,khb,260000,0.00019
CN,tdd,260000,0.00019
CN,lcp,80000,0.00006
CN,en,62000,0.00005
CN,ru,14000,0.00001
CN,vi,6900,0.00001
CX,en,1400,0.63000
CP,und,1,1.00000
CC,ms_Arab,490,0.83000
CC,en,100,0.17000
CO,es,45000000,0.93000
CO,guc,130000,0.00270
KM,ar,540000,0.66000
KM,fr,460000,0.56000
KM,zdj,300000,0.37000
KM,wni,280000,0.34000
CG,fr,4300000,0.84000
CG,ln,120000,0.02400
CD,sw,43000000,0.50000
CD,lua,8200000,0.09600
CD,fr,3200000,0.03800
CD,ln,2600000,0.03100
CD,lu,2000000,0.02300
CD,kg,1300000,0.01500
CD,lol,520000,0.00610
CD,rw,320000,0.00380
CK,en,8900,0.98000
CR,es,4700000,0.95000
CI,fr,13000000,0.49000
CI,bci,2900000,0.11000
CI,sef,1100000,0.04300
CI,dnj,1100000,0.04000
CI,kfo,60000,0.00230
CI,bqv,45000,0.00170
HR,hr,4200000,0.99000
HR,en,2100000,0.49000
HR,it,68000,0.01600
CU,es,11000000,1.00000
CW,pap,120000,0.81000
CW,nl,12000,0.08000
CW,es,5700,0.03800
CY,el,1200000,0.95000
CY,en,900000,0.73000
CY,tr,280000,0.23000
CY,fr,87000,0.07000
CY,hy,2700,0.00220
CY,ar,1400,0.00110
CZ,cs,10000000,0.98000
CZ,en,2900000,0.27000
CZ,sk,1700000,0.16000
CZ,de,1600000,0.15000
CZ,pl,52000,0.00490
DK,da,5400000,0.93000
DK,en,5000000,0.86000
DK,de,2700000,0.47000
DK,sv,760000,0.13000
DK,fo,22000,0.00380
DK,kl,7000,0.00120
DG,en,500,0.99000
DJ,aa,370000,0.42000
DJ,so,360000,0.41000
DJ,ar,65000,0.07300
DJ,fr,19000,0.02100
DM,en,70000,0.94000
DO,es,8000000,0.78000
DO,en,8000,0.00078
EC,es,16000000,0.96000
EC,qu,2800000,0.17000
EC,qug,940000,0.05700
EG,ar,93000000,0.94000
EG,arz,64000000,0.64000
EG,en,35000000,0.35000
EG,el,61000,0.00061
SV,es,5500000,0.89000
GQ,es,690000,0.87000
GQ,fan,410000,0.51000
GQ,fr,70000,0.08800
GQ,bvb,63000,0.07900
ER,ti,3600000,0.60000
ER,en,3500000,0.59000
ER,tig,1100000,0.18000
ER,ar,290000,0.04900
ER,aa,210000,0.03600
ER,ssy,210000,0.03600
ER,byn,78000,0.01300
EE,et,880000,0.71000
EE,ru,700000,0.56000
EE,en,620000,0.50000
EE,fi,260000,0.21000
EE,vro,71000,0.05700
SZ,en,870000,0.80000
SZ,ss,630000,0.58000
SZ,zu,74000,0.06800
SZ,ts,18000,0.01700
ET,en,47000000,0.43000
ET,am,36000000,0.33000
ET,om,35000000,0.32000
ET,so,6500000,0.06000
ET,ti,6500000,0.06000
ET,sid,3800000,0.03500
ET,wal,2000000,0.01800
ET,aa,1500000,0.01400
FK,en,2800,0.88000
FO,fo,48000,0.95000
FJ,en,870000,0.94000
FJ,hi,410000,0.44000
FJ,hif,380000,0.41000
FJ,fj,360000,0.39000
FJ,rtm,2500,0.00270
FI,fi,5200000,0.94000
FI,en,3900000,0.70000
FI,sv,2400000,0.44000
FI,de,1000000,0.18000
FI,ru,45000,0.00810
FI,et,6100,0.00110
FI,rmf,5000,0.00090
FI,se,2000,0.00036
FI,smn,610,0.00011
FI,sms,610,0.00011
FR,fr,67000000,0.99000
FR,en,26000000,0.39000
FR,es,8800000,0.13000
FR,de,3400000,0.05000
FR,oc,2000000,0.03000
FR,it,1100000,0.01700
FR,pt,880000,0.01300
FR,pcd,740000,0.01100
FR,gsw,610000,0.00910
FR,br,560000,0.00830
FR,co,160000,0.00240
FR,ca,110000,0.00170
FR,eu,88000,0.00130
FR,nl,88000,0.00130
FR,frp,63000,0.00094
GF,fr,150000,0.77000
GF,gcr,52000,0.26000
GF,zh_Hant,5000,0.02500
PF,fr,180000,0.61000
PF,ty,90000,0.31000
PF,zh_Hant,23000,0.07800
GA,fr,1300000,0.63000
GA,puu,190000,0.09000
GM,en,840000,0.40000
GM,man,610000,0.29000
GE,ka,4200000,0.86000
GE,xmf,540000,0.11000
GE,ru,440000,0.09000
GE,hy,340000,0.07000
GE,ab,110000,0.02200
GE,os,110000,0.02200
GE,ku,44000,0.00890
DE,de,73000000,0.91000
DE,en,51000000,0.64000
DE,fr,14000000,0.18000
DE,bar,14000000,0.17000
DE,nds,9700000,0.12000
DE,nl,7200000,0.09000
DE,it,5600000,0.07000
DE,es,4800000,0.06000
DE,ru,4800000,0.06000
DE,vmf,4800000,0.06000
DE,tr,2000000,0.02500
DE,gsw,1900000,0.02300
DE,da,1600000,0.02000
DE,swg,800000,0.01000
DE,hr,640000,0.00790
DE,ku,530000,0.00660
DE,el,310000,0.00380
DE,ksh,240000,0.00300
DE,pl,230000,0.00290
DE,hsb,13000,0.00016
DE,frr,9700,0.00012
DE,dsb,7000,0.00009
DE,frs,2000,0.00003
DE,stq,970,0.00001
GH,ak,11000000,0.39000
GH,en,5900000,0.21000
GH,ee,3100000,0.11000
GH,abr,1400000,0.05000
GH,gur,980000,0.03500
GH,ada,840000,0.03000
GH,gaa,790000,0.02800
GH,nzi,280000,0.01000
GH,ha,240000,0.00870
GH,saf,3900,0.00014
GI,en,24000,0.80000
GI,es,15000,0.50000
GR,el,11000000,0.99000
GR,en,5500000,0.51000
GR,fr,970000,0.09000
GR,de,540000,0.05000
GR,pnt,400000,0.03700
GR,mk,170000,0.01600
GR,tr,130000,0.01200
GR,bg,29000,0.00270
GR,sq,10000,0.00093
GR,tsd,200,0.00002
GL,kl,48000,0.84000
GL,da,8100,0.14000
GD,en,110000,0.96000
GP,fr,410000,0.90000
GU,en,150000,0.91000
GU,ch,37000,0.22000
GT,es,15000000,0.93000
GT,quc,1200000,0.07000
GG,en,67000,1.00000
GN,fr,3400000,0.29000
GN,ff,3100000,0.26000
GN,man_Nkoo,2700000,0.23000
GN,sus,1300000,0.11000
GN,nqo,590000,0.05000
GN,kpe,450000,0.03800
GW,pt,1800000,1.00000
GW,knf,48000,0.02600
GY,en,740000,1.00000
HT,ht,8700000,0.81000
HT,fr,510000,0.04700
HM,und,1,1.00000
HN,es,7200000,0.78000
HN,en,40000,0.00440
HK,zh_Hant,6900000,0.95000
HK,yue,6500000,0.90000
HK,en,3700000,0.51000
HK,zh,360000,0.05000
HU,hu,9800000,1.00000
HU,en,2000000,0.20000
HU,de,1800000,0.18000
HU,fr,290000,0.03000
HU,ro,97000,0.00990
HU,hr,31000,0.00320
HU,sk,11000,0.00110
HU,sl,5000,0.00051
IS,is,340000,1.00000
IS,da,2200,0.00650
IN,hi,530000000,0.41000
IN,en,250000000,0.19000
IN,bn,110000000,0.08100
IN,te,93000000,0.07200
IN,mr,91000000,0.07000
IN,ta,77000000,0.05900
IN,ur,65000000,0.05000
IN,gu,58000000,0.04500
IN,kn,48000000,0.03700
IN,ml,41000000,0.03200
IN,or,41000000,0.03200
IN,pa,36000000,0.02800
IN,bho,30000000,0.02300
IN,awa,23000000,0.01800
IN,as,17000000,0.01300
IN,bgc,16000000,0.01200
IN,mag,16000000,0.01200
IN,mai,16000000,0.01200
IN,mwr,16000000,0.01200
IN,hne,14000000,0.01100
IN,dcc,13000000,0.01000
IN,bjj,7300000,0.00560
IN,ne,7300000,0.00560
IN,sat,7100000,0.00550
IN,wtm,6000000,0.00460
IN,rkt,5700000,0.00440
IN,ks,5300000,0.00410
IN,kok,4800000,0.00370
IN,gom,4100000,0.00320
IN,swv,3600000,0.00280
IN,gbm,3500000,0.00270
IN,lmn,3500000,0.00270
IN,sd,3400000,0.00260
IN,gon,3100000,0.00240
IN,kfy,2900000,0.00220
IN,doi,2600000,0.00200
IN,kru,2500000,0.00190
IN,sck,2300000,0.00180
IN,xnr,2100000,0.00160
IN,khn,1900000,0.00150
IN,tcy,1900000,0.00150
IN,wbr,1900000,0.00150
IN,brx,1800000,0.00140
IN,noe,1700000,0.00130
IN,bhb,1600000,0.00120
IN,mni,1400000,0.00110
IN,hoc,1300000,0.00100
IN,raj,1300000,0.00100
IN,mtr,1300000,0.00098
IN,unr,1200000,0.00094
IN,bhi,1200000,0.00092
IN,hoj,1100000,0.00082
IN,kha,1000000,0.00080
IN,kfr,970000,0.00075
IN,grt,690000,0.00053
IN,unx,620000,0.00048
IN,bfy,480000,0.00037
IN,srx,450000,0.00035
IN,saz,380000,0.00029
IN,ccp,360000,0.00028
IN,sd_Deva,340000,0.00026
IN,bfq,300000,0.00023
IN,njo,300000,0.00023
IN,ria,170000,0.00013
IN,bo,140000,0.00011
IN,bpy,88000,0.00007
IN,bft,80000,0.00006
IN,bra,53000,0.00004
IN,lep,45000,0.00004
IN,btv,34000,0.00003
IN,lif,34000,0.00003
IN,lah,32000,0.00003
IN,sa,16000,0.00001
IN,kht,9100,0.00001
ID,id,170000000,0.64000
ID,jv,89000000,0.34000
ID,su,32000000,0.12000
ID,mad,17000000,0.06300
ID,ms_Arab,12000000,0.04600
ID,min,7900000,0.03000
ID,bew,5500000,0.02100
ID,ban,4700000,0.01800
ID,bug,4200000,0.01600
ID,bjn,3900000,0.01500
ID,ace,3700000,0.01400
ID,sas,2500000,0.00970
ID,bbc,2400000,0.00920
ID,zh_Hant,2400000,0.00920
ID,mak,1900000,0.00730
ID,ljp,1800000,0.00690
ID,rej,1200000,0.00460
ID,gor,1100000,0.00410
ID,nij,970000,0.00370
ID,kge,840000,0.00320
ID,aoz,710000,0.00270
ID,kvr,370000,0.00140
ID,lbw,340000,0.00130
ID,gay,320000,0.00120
ID,rob,290000,0.00110
ID,mdr,240000,0.00092
ID,sxn,240000,0.00092
ID,sly,140000,0.00054
ID,mwv,63000,0.00024
IR,fa,62000000,0.75000
IR,az_Arab,20000000,0.24000
IR,mzn,4200000,0.05000
IR,glk,3800000,0.04600
IR,ckb,3200000,0.03900
IR,sdh,3100000,0.03700
IR,tk,2300000,0.02800
IR,lrc,1700000,0.02100
IR,ar,1700000,0.02000
IR,bal,1700000,0.02000
IR,rmt,1600000,0.01900
IR,bqi,1200000,0.01400
IR,luz,1000000,0.01200
IR,lki,630000,0.00760
IR,bgn,460000,0.00560
IR,prd,420000,0.00500
IR,hy,200000,0.00240
IR,ps,130000,0.00160
IR,ka,59000,0.00071
IR,gbz,8000,0.00010
IR,kk_Arab,3000,0.00004
IQ,ar,27000000,0.68000
IQ,en,14000000,0.35000
IQ,ckb,8000000,0.20000
IQ,az_Arab,720000,0.01800
IQ,fa,350000,0.00870
IQ,lrc,250000,0.00610
IQ,syr,200000,0.00500
IE,en,5000000,0.98000
IE,ga,1100000,0.22000
IE,fr,860000,0.17000
IM,en,89000,1.00000
IM,gv,1700,0.01900
IL,he,8400000,1.00000
IL,en,7200000,0.85000
IL,ar,1700000,0.20000
IL,ru,930000,0.11000
IL,ro,310000,0.03700
IL,yi,250000,0.03000
IL,pl,130000,0.01500
IL,lad,110000,0.01300
IL,hu,84000,0.01000
IL,am,50000,0.00590
IL,ti,10000,0.00120
IL,ml,8000,0.00095
IT,it,59000000,0.95000
IT,en,21000000,0.34000
IT,fr,3900000,0.06300
IT,sc,1100000,0.01700
IT,de,1000000,0.01600
IT,vec,810000,0.01300
IT,nap,600000,0.00970
IT,lij,540000,0.00860
IT,scn,510000,0.00820
IT,sdc,110000,0.00170
IT,sl,110000,0.00170
IT,fur,37000,0.00060
IT,egl,31000,0.00050
IT,ca,22000,0.00035
IT,el,22000,0.00035
IT,lmo,19000,0.00030
IT,pms,6200,0.00010
IT,hr,3500,0.00006
JM,en,2800000,0.98000
JM,jam,2700000,0.95000
JP,ja,120000000,0.95000
JP,ryu,970000,0.00770
JP,ko,660000,0.00520
JE,en,95000,0.95000
JO,ar,10000000,1.00000
JO,en,4700000,0.45000
KZ,ru,13000000,0.72000
KZ,kk,12000000,0.64000
KZ,en,2800000,0.15000
KZ,de,1200000,0.06400
KZ,ug_Cyrl,370000,0.02000
KE,sw,32000000,0.66000
KE,en,9200000,0.19000
KE,ki,8200000,0.17000
KE,luy,5300000,0.11000
KE,luo,4700000,0.09800
KE,kam,3700000,0.07600
KE,kln,3700000,0.07600
KE,guz,2400000,0.04900
KE,mer,1900000,0.04000
KE,mas,770000,0.01600
KE,ebu,730000,0.01500
KE,so,630000,0.01300
KE,dav,400000,0.00820
KE,teo,360000,0.00740
KE,pko,340000,0.00700
KE,om,230000,0.00470
KE,saq,220000,0.00460
KE,ar,22000,0.00046
KE,pa,10000,0.00021
KE,gu,4800,0.00010
KI,en,110000,1.00000
KI,gil,66000,0.60000
XK,sq,1800000,0.92000
XK,aln,1400000,0.74000
XK,sr,95000,0.05000
XK,sr_Latn,95000,0.05000
KW,ar,2900000,1.00000
KG,ky,2800000,0.48000
KG,ru,2100000,0.36000
LA,lo,5000000,0.69000
LA,kjg,420000,0.05800
LA,kdt,69000,0.00960
LV,lv,1200000,0.61000
LV,en,880000,0.46000
LV,ru,730000,0.38000
LV,ltg,170000,0.08900
LB,ar,5200000,0.86000
LB,en,2400000,0.40000
LB,hy,320000,0.05200
LB,ku_Arab,100000,0.01700
LB,fr,23000,0.00370
LS,st,1900000,0.98000
LS,en,530000,0.27000
LS,zu,270000,0.14000
LS,ss,47000,0.02400
LS,xh,20000,0.01000
LR,en,4000000,0.83000
LR,kpe,670000,0.14000
LR,vai,130000,0.02600
LR,men,23000,0.00480
LY,ar,5000000,0.74000
LI,de,39000,1.00000
LI,gsw,33000,0.85000
LI,wae,1300,0.03400
LT,lt,2400000,0.86000
LT,ru,2200000,0.80000
LT,en,1100000,0.38000
LT,de,390000,0.14000
LU,fr,530000,0.87000
LU,lb,410000,0.67000
LU,de,380000,0.63000
LU,en,340000,0.56000
LU,pt,97000,0.16000
MO,zh_Hant,590000,0.98000
MO,pt,30000,0.05000
MO,zh,30000,0.05000
MO,en,14000,0.02300
MG,mg,23000000,0.90000
MG,fr,18000000,0.69000
MG,en,4600000,0.18000
MW,en,13000000,0.63000
MW,ny,13000000,0.63000
MW,tum,1700000,0.08400
MW,tog,190000,0.00980
MW,zu,65000,0.00330
MY,ms,24000000,0.75000
MY,en,6700000,0.21000
MY,zh_Hant,5400000,0.17000
MY,ta,1300000,0.04200
MY,iba,800000,0.02500
MY,jv,380000,0.01200
MY,zmi,380000,0.01200
MY,dtp,180000,0.00560
MY,ml,48000,0.00150
MY,bug,25000,0.00079
MY,bjn,5100,0.00016
MV,dv,370000,0.94000
ML,bm,8500000,0.46000
ML,fr,8500000,0.46000
ML,ffm,1400000,0.07700
ML,snk,1100000,0.05900
ML,mwk,920000,0.05000
ML,ses,630000,0.03400
ML,tmh,390000,0.02100
ML,bm_Nkoo,370000,0.02000
ML,khq,310000,0.01700
ML,dtm,200000,0.01100
ML,kao,180000,0.01000
ML,ar,160000,0.00890
ML,bmq,160000,0.00860
ML,bze,150000,0.00840
MT,mt,450000,1.00000
MT,en,400000,0.88000
MT,it,250000,0.56000
MT,fr,49000,0.11000
MH,en,70000,0.93000
MH,mh,55000,0.73000
MQ,fr,430000,0.98000
MR,ar,3300000,0.85000
MR,fr,650000,0.17000
MR,ff,220000,0.05700
MR,wo,10000,0.00260
MU,mfe,1200000,0.90000
MU,en,980000,0.72000
MU,bho,370000,0.27000
MU,ur,71000,0.05200
MU,fr,41000,0.03000
MU,ta,34000,0.02500
YT,swb,170000,0.88000
YT,fr,110000,0.57000
YT,buc,45000,0.23000
YT,sw,2700,0.01400
MX,es,100000000,0.83000
MX,en,16000000,0.13000
MX,yua,840000,0.00670
MX,nhe,490000,0.00390
MX,nhw,490000,0.00390
MX,maz,430000,0.00340
MX,nch,240000,0.00190
MX,sei,880,0.00001
FM,en,59000,0.57000
FM,chk,31000,0.30000
FM,pon,24000,0.23000
FM,kos,8000,0.07700
FM,yap,6600,0.06400
FM,uli,3000,0.02900
MD,ro,2200000,0.63000
MD,uk,480000,0.14000
MD,bg,320000,0.09400
MD,gag,110000,0.03300
MD,ru,100000,0.03000
MC,fr,30000,0.99000
MN,mn,2900000,0.93000
MN,kk_Arab,220000,0.07200
MN,zh,43000,0.01400
MN,ru,4000,0.00130
MN,ug_Cyrl,990,0.00032
ME,sr_Latn,610000,1.00000
ME,sq,49000,0.07900
ME,sr,31000,0.05000
MS,en,3500,0.66000
MA,ary,30000000,0.87000
MA,ar,21000000,0.62000
MA,zgh,7500000,0.22000
MA,fr,6900000,0.20000
MA,en,4800000,0.14000
MA,tzm,3400000,0.09800
MA,shi,3000000,0.08700
MA,shi_Latn,3000000,0.08700
MA,rif,1700000,0.04900
MA,rif_Latn,1700000,0.04900
MA,es,22000,0.00065
MZ,pt,7400000,0.27000
MZ,vmw,3500000,0.13000
MZ,ndc,2700000,0.09900
MZ,ts,2200000,0.07900
MZ,ngl,1900000,0.06800
MZ,seh,1300000,0.04600
MZ,mgh,1200000,0.04500
MZ,rng,930000,0.03400
MZ,ny,710000,0.02600
MZ,yao,650000,0.02400
MZ,sw,9300,0.00034
MZ,zu,1800,0.00007
MM,my,36000000,0.64000
MM,shn,3600000,0.06400
MM,kac,950000,0.01700
MM,mnw,830000,0.01500
MM,kht,4200,0.00008
NA,af,1900000,0.75000
NA,kj,890000,0.35000
NA,ng,530000,0.21000
NA,naq,280000,0.11000
NA,hz,230000,0.09100
NA,en,180000,0.07000
NA,de,23000,0.00900
NA,tn,14000,0.00560
NR,en,9400,0.97000
NR,na,6900,0.71000
NP,ne,13000000,0.44000
NP,mai,3300000,0.11000
NP,bho,2000000,0.06800
NP,taj,1000000,0.03400
NP,new,980000,0.03300
NP,jml,950000,0.03200
NP,en,890000,0.03000
NP,dty,740000,0.02500
NP,awa,650000,0.02200
NP,thl,590000,0.02000
NP,bap,450000,0.01500
NP,tdg,390000,0.01300
NP,thr,360000,0.01200
NP,lif,330000,0.01100
NP,mgp,330000,0.01100
NP,thq,300000,0.01000
NP,mrd,250000,0.00830
NP,gvr,210000,0.00710
NP,bfy,160000,0.00540
NP,xsr,150000,0.00520
NP,rjs,130000,0.00440
NP,hi,120000,0.00420
NP,bo,71000,0.00240
NP,tkt,71000,0.00240
NP,tdh,36000,0.00120
NP,bn,28000,0.00094
NP,unr_Deva,5600,0.00019
NP,lep,2800,0.00010
NL,nl,17000000,1.00000
NL,en,15000000,0.90000
NL,de,12000000,0.71000
NL,fr,5000000,0.29000
NL,nds,1900000,0.11000
NL,li,940000,0.05500
NL,fy,740000,0.04300
NL,gos,620000,0.03600
NL,id,310000,0.01800
NL,zea,240000,0.01400
NL,rif_Latn,210000,0.01200
NL,tr,210000,0.01200
NC,fr,270000,0.96000
NZ,en,4500000,0.98000
NZ,mi,130000,0.02800
NI,es,4700000,0.78000
NE,ha,8100000,0.41000
NE,fr,5800000,0.29000
NE,dje,3400000,0.17000
NE,fuq,1400000,0.07000
NE,tmh,1200000,0.06000
NE,ar,42000,0.00210
NE,twq,7900,0.00040
NG,en,110000000,0.53000
NG,pcm,43000000,0.21000
NG,ha,26000000,0.13000
NG,ig,26000000,0.13000
NG,yo,26000000,0.13000
NG,fuv,14000000,0.06700
NG,tiv,3300000,0.01600
NG,efi,2800000,0.01400
NG,ibb,2800000,0.01400
NG,ha_Arab,2000000,0.01000
NG,bin,1400000,0.00710
NG,kaj,430000,0.00210
NG,kcg,190000,0.00093
NG,ar,140000,0.00071
NG,cch,43000,0.00021
NG,amo,18000,0.00009
NU,en,1100,0.70000
NU,niu,1100,0.70000
NF,en,1700,0.96000
KP,ko,22000000,0.88000
MK,mk,1400000,0.67000
MK,sq,530000,0.25000
MK,tr,74000,0.03500
MP,en,50000,0.97000
MP,ch,9400,0.18000
NO,nb,5400000,1.00000
NO,nn,1300000,0.25000
NO,se,16000,0.00290
OM,ar,2800000,0.81000
OM,bal,170000,0.04900
OM,fa,33000,0.00940
PK,ur,200000000,0.95000
PK,pa_Arab,150000000,0.70000
PK,en,100000000,0.50000
PK,lah,83000000,0.40000
PK,ps,31000000,0.15000
PK,sd,25000000,0.12000
PK,skr,19000000,0.09100
PK,bal,7700000,0.03700
PK,brh,2700000,0.01300
PK,hno,2500000,0.01200
PK,fa,1400000,0.00660
PK,bgn,1200000,0.00570
PK,hnd,850000,0.00410
PK,tg_Arab,690000,0.00330
PK,gju,420000,0.00200
PK,bft,370000,0.00180
PK,kvx,330000,0.00160
PK,khw,310000,0.00150
PK,mvy,290000,0.00140
PK,kxp,250000,0.00120
PK,gjk,230000,0.00110
PK,ks,140000,0.00069
PK,btv,39000,0.00019
PW,pau,16000,0.74000
PW,en,1900,0.08700
PA,es,2600000,0.69000
PA,en,530000,0.14000
PA,zh_Hant,6100,0.00160
PG,tpi,5000000,0.71000
PG,en,3500000,0.50000
PG,ho,150000,0.02100
PY,gn,5600000,0.80000
PY,es,220000,0.03200
PY,de,200000,0.02900
PE,es,23000000,0.73000
PE,qu,4700000,0.15000
PE,ay,500000,0.01600
PH,en,68000000,0.64000
PH,fil,64000000,0.60000
PH,es,33000000,0.31000
PH,ceb,25000000,0.24000
PH,ilo,10000000,0.09600
PH,hil,8900000,0.08400
PH,bik,3200000,0.03000
PH,war,3100000,0.02900
PH,bhk,2400000,0.02300
PH,pam,2400000,0.02300
PH,pag,1500000,0.01400
PH,mdh,1300000,0.01200
PH,tsg,1200000,0.01100
PH,zh_Hant,770000,0.00730
PH,cps,700000,0.00660
PH,krj,410000,0.00390
PH,bto,300000,0.00280
PH,hnn,17000,0.00016
PH,tbw,10000,0.00009
PH,bku,8000,0.00008
PN,en,46,0.85000
PL,pl,37000000,0.96000
PL,en,13000000,0.33000
PL,de,7300000,0.19000
PL,ru,6900000,0.18000
PL,szl,500000,0.01300
PL,be,220000,0.00580
PL,uk,150000,0.00390
PL,csb,50000,0.00130
PL,sli,12000,0.00031
PL,lt,8100,0.00021
PT,pt,9900000,0.96000
PT,en,2800000,0.27000
PT,fr,1600000,0.15000
PT,es,1000000,0.10000
PT,gl,14000,0.00140
PR,es,2900000,0.87000
PR,en,1600000,0.49000
QA,ar,2100000,0.89000
QA,fa,260000,0.11000
QA,ml,6600,0.00280
RE,fr,700000,0.89000
RE,rcf,560000,0.71000
RE,ta,120000,0.15000
RO,ro,19000000,0.90000
RO,en,6700000,0.31000
RO,fr,3600000,0.17000
RO,es,2100000,0.10000
RO,hu,1400000,0.06600
RO,de,45000,0.00210
RO,tr,28000,0.00130
RO,sr_Latn,26000,0.00120
RO,bg,6700,0.00031
RO,el,4100,0.00019
RO,pl,2800,0.00013
RU,ru,130000000,0.94000
RU,tt,2000000,0.01400
RU,ba,1800000,0.01300
RU,cv,1800000,0.01300
RU,hy,1200000,0.00840
RU,ce,940000,0.00660
RU,av,550000,0.00390
RU,udm,540000,0.00380
RU,chm,530000,0.00370
RU,os,450000,0.00320
RU,sah,450000,0.00320
RU,kbd,440000,0.00310
RU,myv,440000,0.00310
RU,dar,370000,0.00260
RU,bua,310000,0.00220
RU,mdf,300000,0.00210
RU,kum,280000,0.00200
RU,kv,260000,0.00180
RU,lez,260000,0.00180
RU,krc,240000,0.00170
RU,inh,230000,0.00160
RU,tyv,180000,0.00130
RU,az_Cyrl,130000,0.00093
RU,ady,130000,0.00088
RU,krl,120000,0.00082
RU,lbe,110000,0.00078
RU,koi,64000,0.00045
RU,mrj,30000,0.00021
RU,alt,20000,0.00014
RU,fi,17000,0.00012
RU,sr_Latn,5000,0.00004
RU,vep,3600,0.00003
RU,mn,2100,0.00002
RW,rw,9400000,0.77000
RW,en,1800000,0.15000
RW,fr,2300,0.00019
WS,sm,200000,1.00000
WS,en,4400,0.02200
SM,it,30000,0.89000
SM,eo,300,0.00890
ST,pt,170000,0.85000
SA,ar,33000000,1.00000
SN,wo,11000000,0.70000
SN,fr,5900000,0.39000
SN,ff,3200000,0.21000
SN,srr,1700000,0.11000
SN,dyo,390000,0.02600
SN,sav,230000,0.01500
SN,mfv,120000,0.00770
SN,bjt,92000,0.00610
SN,snf,36000,0.00240
SN,knf,32000,0.00210
SN,bsc,15000,0.00097
SN,mey,7200,0.00048
SN,tnr,3500,0.00023
RS,sr,7000000,0.99000
RS,sr_Latn,7000000,0.99000
RS,sq,1300000,0.19000
RS,hu,340000,0.04800
RS,ro,150000,0.02100
RS,hr,66000,0.00930
RS,sk,61000,0.00860
SC,crs,93000,0.98000
SC,fr,57000,0.60000
SC,en,36000,0.38000
SL,kri,6000000,0.95000
SL,en,2200000,0.35000
SL,men,1700000,0.27000
SL,tem,1600000,0.26000
SG,en,5600000,0.93000
SG,zh,4600000,0.77000
SG,ms,840000,0.14000
SG,ta,130000,0.02100
SG,ml,10000,0.00170
SG,pa,9600,0.00160
SX,en,29000,0.68000
SX,es,4700,0.11000
SX,vic,3100,0.07300
SX,nl,1600,0.03700
SK,sk,4900000,0.90000
SK,cs,2600000,0.47000
SK,en,1400000,0.26000
SK,de,1200000,0.22000
SK,hu,600000,0.11000
SK,uk,100000,0.01900
SK,pl,51000,0.00930
SI,sl,1800000,0.87000
SI,hr,1300000,0.61000
SI,en,1200000,0.59000
SI,de,880000,0.42000
SI,hu,9200,0.00440
SI,it,4000,0.00190
SB,en,660000,1.00000
SB,rug,9900,0.01500
SO,so,8800000,0.78000
SO,ar,3800000,0.34000
SO,sw,230000,0.02000
SO,om,47000,0.00420
ZA,en,17000000,0.31000
ZA,zu,13000000,0.24000
ZA,xh,10000000,0.18000
ZA,af,7200000,0.13000
ZA,nso,5200000,0.09400
ZA,tn,4500000,0.08200
ZA,st,4400000,0.07900
ZA,ts,2400000,0.04400
ZA,ss,1500000,0.02700
ZA,ve,1300000,0.02300
ZA,hi,1100000,0.02000
ZA,nr,890000,0.01600
ZA,sw,1000,0.00002
GS,und,20,1.00000
KR,ko,51000000,1.00000
SS,ar,2800000,0.27000
SS,en,2800000,0.27000
SS,nus,570000,0.05600
ES,es,49000000,0.99000
ES,en,12000000,0.24000
ES,ca,8400000,0.17000
ES,gl,3500000,0.07000
ES,eu,990000,0.02000
ES,ast,640000,0.01300
ES,ext,240000,0.00490
LK,si,15000000,0.68000
LK,ta,3400000,0.15000
LK,en,2300000,0.10000
BL,fr,6900,0.96000
SH,en,5400,0.69000
KN,en,52000,0.98000
LC,en,150000,0.90000
MF,fr,32000,1.00000
PM,fr,5100,0.93000
PM,en,190,0.03400
VC,en,98000,0.96000
SD,ar,26000000,0.61000
SD,en,26000000,0.61000
SD,bej,2300000,0.05400
SD,fvr,1200000,0.02700
SD,ha_Arab,780000,0.01800
SD,mls,430000,0.00990
SD,fia,360000,0.00830
SD,zag,220000,0.00510
SR,nl,540000,0.90000
SR,srn,410000,0.68000
SR,zh_Hant,7200,0.01200
SJ,nb,1500,0.58000
SJ,ru,1200,0.46000
SE,sv,9500000,0.95000
SE,en,8600000,0.86000
SE,fi,220000,0.02200
SE,fit,55000,0.00550
SE,se,33000,0.00330
SE,rmu,9500,0.00095
SE,yi,3000,0.00030
SE,smj,1500,0.00015
SE,sma,300,0.00003
CH,de,6100000,0.73000
CH,gsw,5400000,0.65000
CH,en,5100000,0.61000
CH,fr,1700000,0.21000
CH,it,360000,0.04300
CH,lmo,340000,0.04100
CH,pt,280000,0.03400
CH,rm,41000,0.00500
CH,rmo,24000,0.00290
CH,wae,10000,0.00120
SY,ar,16000000,0.80000
SY,ku,1600000,0.08000
SY,fr,1100000,0.05900
SY,hy,350000,0.01800
SY,syr,16000,0.00084
TW,zh_Hant,22000000,0.95000
TW,trv,4700,0.00020
TJ,tg,8600000,1.00000
TJ,ru,1000000,0.12000
TJ,fa,67000,0.00780
TJ,ar,1000,0.00012
TZ,sw,50000000,0.90000
TZ,en,38000000,0.69000
TZ,suk,4800000,0.08700
TZ,nym,1800000,0.03300
TZ,kde,1300000,0.02400
TZ,bez,940000,0.01700
TZ,ksb,940000,0.01700
TZ,mas,830000,0.01500
TZ,mgy,780000,0.01400
TZ,asa,670000,0.01200
TZ,lag,480000,0.00870
TZ,jmc,420000,0.00750
TZ,rof,420000,0.00750
TZ,vun,420000,0.00750
TZ,rwk,120000,0.00220
TZ,sbp,110000,0.00200
TH,th,55000000,0.80000
TH,en,19000000,0.27000
TH,tts,16000000,0.24000
TH,nod,6600000,0.09600
TH,sou,5500000,0.08000
TH,mfa,3400000,0.05000
TH,zh_Hant,1200000,0.01800
TH,kxm,1200000,0.01700
TH,kdt,330000,0.00480
TH,mnw,120000,0.00170
TH,shn,66000,0.00096
TH,lcp,6900,0.00010
TH,lwl,6900,0.00010
TL,pt,780000,0.59000
TL,tet,780000,0.59000
TG,fr,5000000,0.61000
TG,ee,1400000,0.17000
TG,ife,110000,0.01300
TK,en,1300,1.00000
TK,tkl,1300,1.00000
TO,to,100000,0.95000
TO,en,30000,0.28000
TT,en,1100000,0.88000
TT,es,4100,0.00340
TA,en,270,0.99000
TN,aeb,10000000,0.90000
TN,ar,10000000,0.90000
TN,fr,8500000,0.74000
TR,tr,76000000,0.93000
TR,en,14000000,0.17000
TR,ku,4500000,0.05500
TR,zza,1100000,0.01400
TR,kbd,630000,0.00770
TR,az,600000,0.00740
TR,az_Arab,530000,0.00650
TR,ar,460000,0.00560
TR,bgx,370000,0.00460
TR,bg,340000,0.00420
TR,ady,320000,0.00390
TR,kiu,150000,0.00190
TR,hy,46000,0.00056
TR,ka,46000,0.00056
TR,lzz,23000,0.00028
TR,sr_Latn,23000,0.00028
TR,sq,17000,0.00021
TR,ab,4000,0.00005
TR,el,4000,0.00005
TR,tru,3000,0.00004
TR,uz,2000,0.00002
TR,ky_Latn,1100,0.00001
TR,kk,570,0.00001
TM,tk,3800000,0.70000
TM,ru,650000,0.12000
TM,uz,490000,0.09000
TM,ku,22000,0.00410
TC,en,53000,0.98000
TV,tvl,9900,0.89000
TV,en,1100,0.09600
UM,en,320,1.00000
VI,en,80000,0.75000
UG,sw,31000000,0.75000
UG,lg,5300000,0.13000
UG,nyn,2600000,0.06300
UG,cgg,2200000,0.05400
UG,xog,2200000,0.05300
UG,en,1600000,0.03900
UG,teo,1600000,0.03900
UG,laj,1600000,0.03800
UG,ach,1500000,0.03700
UG,myx,1200000,0.02900
UG,rw,860000,0.02100
UG,ttj,780000,0.01900
UG,hi,2200,0.00005
UA,uk,29000000,0.65000
UA,ru,20000000,0.46000
UA,pl,1100000,0.02400
UA,yi,570000,0.01300
UA,rue,530000,0.01200
UA,be,360000,0.00830
UA,crh,250000,0.00560
UA,ro,230000,0.00520
UA,bg,220000,0.00490
UA,tr,180000,0.00420
UA,hu,160000,0.00370
UA,el,7000,0.00016
AE,ar,7600000,0.78000
AE,en,4900000,0.50000
AE,ml,680000,0.07000
AE,ps,280000,0.02900
AE,bal,220000,0.02300
AE,fa,180000,0.01900
GB,en,64000000,0.99000
GB,fr,12000000,0.19000
GB,de,3900000,0.06000
GB,sco,1800000,0.02700
GB,pa,510000,0.00790
GB,cy,500000,0.00770
GB,bn,440000,0.00670
GB,zh_Hant,350000,0.00540
GB,syl,330000,0.00500
GB,el,220000,0.00340
GB,it,220000,0.00340
GB,ks,120000,0.00190
GB,gd,64000,0.00099
GB,yi,32000,0.00049
GB,ml,23000,0.00035
GB,ga,17000,0.00026
GB,kw,2000,0.00003
US,en,320000000,0.96000
US,es,32000000,0.09600
US,zh_Hant,2300000,0.00690
US,fr,1800000,0.00560
US,de,1500000,0.00470
US,fil,1400000,0.00420
US,it,1100000,0.00340
US,vi,1100000,0.00340
US,ko,990000,0.00300
US,ru,790000,0.00240
US,nv,170000,0.00051
US,yi,160000,0.00049
US,pdc,130000,0.00039
US,haw,29000,0.00009
US,frc,28000,0.00009
US,chr,25000,0.00008
US,esu,20000,0.00006
US,dak,19000,0.00006
US,cho,11000,0.00003
US,lkt,8200,0.00003
US,ik,7900,0.00002
US,mus,4000,0.00001
UY,es,3000000,0.88000
UZ,uz,26000000,0.85000
UZ,uz_Cyrl,4500000,0.15000
UZ,ru,4200000,0.14000
UZ,kaa,480000,0.01600
UZ,tr,230000,0.00760
VU,bi,260000,0.90000
VU,en,240000,0.83000
VU,fr,140000,0.50000
VA,it,820,0.82000
VA,la,820,0.82000
VE,es,26000000,0.82000
VN,vi,83000000,0.86000
VN,zh_Hant,1100000,0.01100
VN,cjm,86000,0.00089
WF,wls,9500,0.60000
WF,fr,7600,0.48000
WF,fud,4900,0.31000
EH,ar,620000,1.00000
YE,ar,21000000,0.74000
YE,en,2600000,0.09000
ZM,bem,5100000,0.31000
ZM,en,2600000,0.16000
ZM,ny,2500000,0.15000
ZM,loz,990000,0.06000
ZW,sn,11000000,0.81000
ZW,en,5900000,0.42000
ZW,nd,1700000,0.12000
ZW,mxc,910000,0.06500
ZW,ndc,860000,0.06100
ZW,kck,740000,0.05300
ZW,ny,270000,0.01900
ZW,ve,90000,0.00640
ZW,tn,31000,0.00220
